Athlete_Comp_ID,Athlete_name,Score_Metric,Finish_Rank,mean,stddev,Score_Multiplier,Adjusted_score,Comp_factor,Season,Season_Comp,Round
LAVOIE Alexandre - CAN - Canada Cup 1 - 2018 - Qualification 2,LAVOIE Alexandre - CAN,82.85,1,87.31145038167939,2.9430884546880636,0.12954269890761955,10.732612604496278,0.0785485774660781,2018,2018-Canada Cup 1,Qualification 2
NADEAU Jean  Christophe - CAN - Canada Cup 1 - 2018 - Qualification 2,NADEAU Jean  Christophe - CAN,77.12,2,85.42320610687023,2.977848823229363,0.005298159460153439,0.40859405756703326,0.0785485774660781,2018,2018-Canada Cup 1,Qualification 2
BETY Marc Antoine - CAN - Canada Cup 1 - 2018 - Qualification 2,BETY Marc Antoine - CAN,75.98,3,84.0767175572519,3.2358946856177666,0.012343906164888917,0.9378899904082599,0.0785485774660781,2018,2018-Canada Cup 1,Qualification 2
LESSARD Olivier - CAN - Canada Cup 1 - 2018 - Qualification 2,LESSARD Olivier - CAN,75.67,4,82.89274809160304,3.469604120549786,0.03736795256955596,2.8276329709382995,0.0785485774660781,2018,2018-Canada Cup 1,Qualification 2
MARTEL Devon - CAN - Canada Cup 1 - 2018 - Qualification 2,MARTEL Devon - CAN,74.71,5,80.99320610687023,4.992386610832916,0.20819017022817266,15.553887617746778,0.0785485774660781,2018,2018-Canada Cup 1,Qualification 2
FRECHETTE Christian - CAN - Canada Cup 1 - 2018 - Qualification 2,FRECHETTE Christian - CAN,74.35,6,76.65404580152672,11.469265586651087,0.8407856072475983,62.512409898858934,0.0785485774660781,2018,2018-Canada Cup 1,Qualification 2
MARTINEAU Nicolas - CAN - Canada Cup 1 - 2018 - Qualification 2,MARTINEAU Nicolas - CAN,73.82,7,75.75183206106868,11.474050563694092,0.8662958984113858,63.94996322072849,0.0785485774660781,2018,2018-Canada Cup 1,Qualification 2
JOHNSTON Parker - CAN - Canada Cup 1 - 2018 - Qualification 2,JOHNSTON Parker - CAN,73.55,8,74.6448854961832,11.728168568194613,0.925621382018772,68.07945264748068,0.0785485774660781,2018,2018-Canada Cup 1,Qualification 2
CLOUTIER ASSELIN Felix - CAN - Canada Cup 1 - 2018 - Qualification 2,CLOUTIER ASSELIN Felix - CAN,72.5,9,73.21160305343511,12.15202290933482,0.9533038434808866,69.11452865236427,0.0785485774660781,2018,2018-Canada Cup 1,Qualification 2
VIEL Julien - CAN - Canada Cup 1 - 2018 - Qualification 2,VIEL Julien - CAN,72.06,10,70.71961832061069,13.218052333377587,1.0807713377140165,77.88038259567203,0.0785485774660781,2018,2018-Canada Cup 1,Qualification 2
DUFFY Eric - CAN - Canada Cup 1 - 2018 - Qualification 2,DUFFY Eric - CAN,71.51,11,67.62875968992249,14.336555488255623,1.2133961824523811,86.76996100716978,0.0785485774660781,2018,2018-Canada Cup 1,Qualification 2
GAUTHIER Julien - CAN - Canada Cup 1 - 2018 - Qualification 2,GAUTHIER Julien - CAN,71.42,12,62.854461538461535,16.622690750506735,1.3936509653041937,99.53455194202552,0.0785485774660781,2018,2018-Canada Cup 1,Qualification 2
CLOUTIER Gabriel - CAN - Canada Cup 1 - 2018 - Qualification 2,CLOUTIER Gabriel - CAN,71.32,13,62.163538461538465,16.428677968326674,1.4227090966372946,101.46761277217185,0.0785485774660781,2018,2018-Canada Cup 1,Qualification 2
KAPRONCZAI Julian - CAN - Canada Cup 1 - 2018 - Qualification 2,KAPRONCZAI Julian - CAN,69.9,14,57.873384615384616,18.230520248867794,1.490551562272944,104.1895542028788,0.0785485774660781,2018,2018-Canada Cup 1,Qualification 2
THIBAULT Olivier - CAN - Canada Cup 1 - 2018 - Qualification 2,THIBAULT Olivier - CAN,69.78,15,52.95230769230769,21.11839306016883,1.5744481173376366,109.86498962782028,0.0785485774660781,2018,2018-Canada Cup 1,Qualification 2
GOODISON Samuel - CAN - Canada Cup 1 - 2018 - Qualification 2,GOODISON Samuel - CAN,69.16,16,50.24062015503877,21.60962446186536,1.6187019562976253,111.94942729754376,0.0785485774660781,2018,2018-Canada Cup 1,Qualification 2
GILBERT Benoit - CAN - Canada Cup 1 - 2018 - Qualification 2,GILBERT Benoit - CAN,68.7,17,52.45734375,20.23550424394796,1.577840904425198,108.39767013401111,0.0785485774660781,2018,2018-Canada Cup 1,Qualification 2
NADON Benjamin - CAN - Canada Cup 1 - 2018 - Qualification 2,NADON Benjamin - CAN,68.46,18,52.045625,19.629915934852473,1.5969529967242098,109.32740215573939,0.0785485774660781,2018,2018-Canada Cup 1,Qualification 2
GUY TESSIER Olivier - CAN - Canada Cup 1 - 2018 - Qualification 2,GUY TESSIER Olivier - CAN,67.97,19,51.883828125,20.57346140666925,1.5657204386406434,106.42201821440453,0.0785485774660781,2018,2018-Canada Cup 1,Qualification 2
BERTRAND Felix - CAN - Canada Cup 1 - 2018 - Qualification 2,BERTRAND Felix - CAN,66.78,20,51.77173228346456,20.770367637630866,1.530062498386283,102.17757364223597,0.0785485774660781,2018,2018-Canada Cup 1,Qualification 2
DESAUTELS Mats - CAN - Canada Cup 1 - 2018 - Qualification 2,DESAUTELS Mats - CAN,66.47,21,52.418000000000006,19.88946426628933,1.5201256695576948,101.04275325549997,0.0785485774660781,2018,2018-Canada Cup 1,Qualification 2
DROUIN Xavier - CAN - Canada Cup 1 - 2018 - Qualification 2,DROUIN Xavier - CAN,66.45,22,51.93488000000001,19.857762839393565,1.5351930207520763,102.01357622897548,0.0785485774660781,2018,2018-Canada Cup 1,Qualification 2
DUBUC Jeremy - CAN - Canada Cup 1 - 2018 - Qualification 2,DUBUC Jeremy - CAN,65.43,23,51.11264,19.728417681872006,1.5319912000735516,100.23818422081249,0.0785485774660781,2018,2018-Canada Cup 1,Qualification 2
MILLER CLARKE Reece - CAN - Canada Cup 1 - 2018 - Qualification 2,MILLER CLARKE Reece - CAN,65.16,24,50.42456,19.802879366556773,1.5431876089205607,100.55410459726373,0.0785485774660781,2018,2018-Canada Cup 1,Qualification 2
THIVIERGE Charles  Olivier - CAN - Canada Cup 1 - 2018 - Qualification 2,THIVIERGE Charles  Olivier - CAN,63.51,25,49.43725806451612,20.367165992015337,1.5104045363458831,95.92579210332704,0.0785485774660781,2018,2018-Canada Cup 1,Qualification 2
CHARRON Mattis - CAN - Canada Cup 1 - 2018 - Qualification 2,CHARRON Mattis - CAN,63.37,26,48.91056910569106,20.1615647097649,1.526735735177358,96.74924353818918,0.0785485774660781,2018,2018-Canada Cup 1,Qualification 2
BEAULIEU Charles - CAN - Canada Cup 1 - 2018 - Qualification 2,BEAULIEU Charles - CAN,62.76,27,48.4490243902439,20.479628482665966,1.5153172101103582,95.10130810652608,0.0785485774660781,2018,2018-Canada Cup 1,Qualification 2
VAN DER MERWE Dylan - CAN - Canada Cup 1 - 2018 - Qualification 2,VAN DER MERWE Dylan - CAN,62.73,28,47.37040983606558,20.792770472700244,1.5399099558928997,96.5985515331616,0.0785485774660781,2018,2018-Canada Cup 1,Qualification 2
CHALIFOUX Louis David - CAN - Canada Cup 1 - 2018 - Qualification 2,CHALIFOUX Louis David - CAN,62.57,29,46.36180327868852,21.07644439234464,1.5581182652810237,97.49145985863365,0.0785485774660781,2018,2018-Canada Cup 1,Qualification 2
CARRIER Malcom - CAN - Canada Cup 1 - 2018 - Qualification 2,CARRIER Malcom - CAN,61.5,30,45.129508196721304,21.488399457231324,1.553838095094148,95.5610428482901,0.0785485774660781,2018,2018-Canada Cup 1,Qualification 2
ULSIFER Luke - CAN - Canadian Selections 1 - 2018 - Qualification 2,ULSIFER Luke - CAN,82.32,1,87.31145038167939,2.9430884546880636,0.08988765847605203,7.399552045748602,0.09182500991044248,2018,2018-Canadian Selections 1,Qualification 2
LAVOIE Alexandre - CAN - Canadian Selections 1 - 2018 - Qualification 2,LAVOIE Alexandre - CAN,78.25,2,85.42320610687023,2.977848823229363,0.016002653294825274,1.2522076203200776,0.09182500991044248,2018,2018-Canadian Selections 1,Qualification 2
ANDISON Robbie - CAN - Canadian Selections 1 - 2018 - Qualification 2,ANDISON Robbie - CAN,77.84,3,84.0767175572519,3.2358946856177666,0.05393541303576967,4.198332550704311,0.09182500991044248,2018,2018-Canadian Selections 1,Qualification 2
KELLY Brenden - CAN - Canadian Selections 1 - 2018 - Qualification 2,KELLY Brenden - CAN,76.28,4,82.89274809160304,3.469604120549786,0.05666207407207245,4.322183010217687,0.09182500991044248,2018,2018-Canadian Selections 1,Qualification 2
VAILLANCOURT Elliot - CAN - Canadian Selections 1 - 2018 - Qualification 2,VAILLANCOURT Elliot - CAN,75.16,5,80.99320610687023,4.992386610832916,0.24263725067349295,18.23661576061973,0.09182500991044248,2018,2018-Canadian Selections 1,Qualification 2
MURATA Yutaro - JPN - Canadian Selections 1 - 2018 - Qualification 2,MURATA Yutaro - JPN,74.11,6,76.65404580152672,11.469265586651087,0.8244585362882745,61.10062212432402,0.09182500991044248,2018,2018-Canadian Selections 1,Qualification 2
KOYAMA Takashi - JPN - Canadian Selections 1 - 2018 - Qualification 2,KOYAMA Takashi - JPN,74.05,7,75.75183206106868,11.474050563694092,0.882090171583841,65.31877720578342,0.09182500991044248,2018,2018-Canadian Selections 1,Qualification 2
TANNER Daniel - CAN - Canadian Selections 1 - 2018 - Qualification 2,TANNER Daniel - CAN,73.85,8,74.6448854961832,11.728168568194613,0.9459641429458832,69.85945195655347,0.09182500991044248,2018,2018-Canadian Selections 1,Qualification 2
PORTELLO Ryan - CAN - Canadian Selections 1 - 2018 - Qualification 2,PORTELLO Ryan - CAN,72.44,9,73.21160305343511,12.15202290933482,0.9493716618590657,68.77248318507073,0.09182500991044248,2018,2018-Canadian Selections 1,Qualification 2
KAPRONCZAI Julian - CAN - Canadian Selections 1 - 2018 - Qualification 2,KAPRONCZAI Julian - CAN,71.53,10,70.71961832061069,13.218052333377587,1.048886642236497,75.02686151917663,0.09182500991044248,2018,2018-Canadian Selections 1,Qualification 2
NADEAU Jean Christophe - CAN - Canadian Selections 1 - 2018 - Qualification 2,NADEAU Jean Christophe - CAN,70.64,11,67.62875968992249,14.336555488255623,1.1663630124207165,82.39188319739941,0.09182500991044248,2018,2018-Canadian Selections 1,Qualification 2
SUGIMOTO Kosuke - JPN - Canadian Selections 1 - 2018 - Qualification 2,SUGIMOTO Kosuke - JPN,69.64,12,62.854461538461535,16.622690750506735,1.3168800454986624,91.70752636852686,0.09182500991044248,2018,2018-Canadian Selections 1,Qualification 2
LESSARD Olivier - CAN - Canadian Selections 1 - 2018 - Qualification 2,LESSARD Olivier - CAN,68.5,13,62.163538461538465,16.428677968326674,1.3002775504603463,89.06901220653373,0.09182500991044248,2018,2018-Canadian Selections 1,Qualification 2
JOHNSTON Parker - CAN - Canadian Selections 1 - 2018 - Qualification 2,JOHNSTON Parker - CAN,68.16,14,57.873384615384616,18.230520248867794,1.4274176506474325,97.292787068129,0.09182500991044248,2018,2018-Canadian Selections 1,Qualification 2
CORDELL Sam - CAN - Canadian Selections 1 - 2018 - Qualification 2,CORDELL Sam - CAN,65.4,15,52.95230769230769,21.11839306016883,1.4444232652574205,94.4652815478353,0.09182500991044248,2018,2018-Canadian Selections 1,Qualification 2
CLOUTIER ASSELIN Felix - CAN - Canadian Selections 1 - 2018 - Qualification 2,CLOUTIER ASSELIN Felix - CAN,65.19,16,50.24062015503877,21.60962446186536,1.5109324606882995,98.49768711227024,0.09182500991044248,2018,2018-Canadian Selections 1,Qualification 2
PHIPPS Koleton - CAN - Canadian Selections 1 - 2018 - Qualification 2,PHIPPS Koleton - CAN,64.61,17,52.45734375,20.23550424394796,1.4518676317766266,93.80516768908784,0.09182500991044248,2018,2018-Canadian Selections 1,Qualification 2
KIMOTO Masahiro - JPN - Canadian Selections 1 - 2018 - Qualification 2,KIMOTO Masahiro - JPN,63.22,18,52.045625,19.629915934852473,1.4308150744711945,90.45612900806891,0.09182500991044248,2018,2018-Canadian Selections 1,Qualification 2
KURODA Brayden - CAN - Canadian Selections 1 - 2018 - Qualification 2,KURODA Brayden - CAN,63.18,19,51.883828125,20.57346140666925,1.417039299604463,89.52854294900997,0.09182500991044248,2018,2018-Canadian Selections 1,Qualification 2
DESAUTELS Mats - CAN - Canadian Selections 1 - 2018 - Qualification 2,DESAUTELS Mats - CAN,61.23,20,51.77173228346456,20.770367637630866,1.3511591908422045,82.73147725526817,0.09182500991044248,2018,2018-Canadian Selections 1,Qualification 2
PERSON Hayden - CAN - Canadian Selections 1 - 2018 - Qualification 2,PERSON Hayden - CAN,60.73,21,52.418000000000006,19.88946426628933,1.3239868581441485,80.40572189509413,0.09182500991044248,2018,2018-Canadian Selections 1,Qualification 2
FRECHETTE Christian - CAN - Canadian Selections 1 - 2018 - Qualification 2,FRECHETTE Christian - CAN,60.39,22,51.93488000000001,19.857762839393565,1.3297348379169485,80.30268686180452,0.09182500991044248,2018,2018-Canadian Selections 1,Qualification 2
MARTEL Devon - CAN - Canadian Selections 1 - 2018 - Qualification 2,MARTEL Devon - CAN,59.24,23,51.11264,19.728417681872006,1.3196327833068808,78.17504608309962,0.09182500991044248,2018,2018-Canadian Selections 1,Qualification 2
NISHIZAWA Taketo - JPN - Canadian Selections 1 - 2018 - Qualification 2,NISHIZAWA Taketo - JPN,58.6,24,50.42456,19.802879366556773,1.3202768705072478,77.36822461172473,0.09182500991044248,2018,2018-Canadian Selections 1,Qualification 2
DURHAM Joseph - CAN - Canadian Selections 1 - 2018 - Qualification 2,DURHAM Joseph - CAN,58.54,25,49.43725806451612,20.367165992015337,1.345075973000816,78.74074745946777,0.09182500991044248,2018,2018-Canadian Selections 1,Qualification 2
JOOSTEN Matt - CAN - Canadian Selections 1 - 2018 - Qualification 2,JOOSTEN Matt - CAN,58.53,26,48.91056910569106,20.1615647097649,1.3667213888070873,79.99420288687882,0.09182500991044248,2018,2018-Canadian Selections 1,Qualification 2
KOIWA Kai - JPN - Canadian Selections 1 - 2018 - Qualification 2,KOIWA Kai - JPN,58.39,27,48.4490243902439,20.479628482665966,1.3726130450445784,80.14687570015293,0.09182500991044248,2018,2018-Canadian Selections 1,Qualification 2
GOSSELIN Pier Alexandre - CAN - Canadian Selections 1 - 2018 - Qualification 2,GOSSELIN Pier Alexandre - CAN,56.47,28,47.37040983606558,20.792770472700244,1.338347223855687,75.57646773113065,0.09182500991044248,2018,2018-Canadian Selections 1,Qualification 2
PHILLIPS Ethan - CAN - Canadian Selections 1 - 2018 - Qualification 2,PHILLIPS Ethan - CAN,56.4,29,46.36180327868852,21.07644439234464,1.3661219714566977,77.04927919015775,0.09182500991044248,2018,2018-Canadian Selections 1,Qualification 2
TANNER Marc - CAN - Canadian Selections 1 - 2018 - Qualification 2,TANNER Marc - CAN,56.12,30,45.129508196721304,21.488399457231324,1.3909721502137238,78.06135706999417,0.09182500991044248,2018,2018-Canadian Selections 1,Qualification 2
LAVOIE Alexandre - CAN - Canada Cup 2 - 2018 - Final 1,LAVOIE Alexandre - CAN,83.72,1,87.31145038167939,2.9430884546880636,0.22235122898618787,18.61524489072365,0.4273640944830747,2018,2018-Canada Cup 2,Final 1
NADEAU Jean  Christophe - CAN - Canada Cup 2 - 2018 - Final 1,NADEAU Jean  Christophe - CAN,82.26,2,85.42320610687023,2.977848823229363,0.2881243106524639,23.701105794271683,0.4273640944830747,2018,2018-Canada Cup 2,Final 1
BETY Marc Antoine - CAN - Canada Cup 2 - 2018 - Final 1,BETY Marc Antoine - CAN,81.31,3,84.0767175572519,3.2358946856177666,0.3925464257095339,31.917949874442204,0.4273640944830747,2018,2018-Canada Cup 2,Final 1
GUY TESSIER Olivier - CAN - Canada Cup 2 - 2018 - Final 1,GUY TESSIER Olivier - CAN,80.38,4,82.89274809160304,3.469604120549786,0.46893220419440285,37.6927705731461,0.4273640944830747,2018,2018-Canada Cup 2,Final 1
JOHNSTON Parker - CAN - Canada Cup 2 - 2018 - Final 1,JOHNSTON Parker - CAN,79.5,5,80.99320610687023,4.992386610832916,0.7648663028727849,60.8068710783864,0.4273640944830747,2018,2018-Canada Cup 2,Final 1
LESSARD Olivier - CAN - Canada Cup 2 - 2018 - Final 1,LESSARD Olivier - CAN,79.43,6,76.65404580152672,11.469265586651087,1.191246315081374,94.62069480691353,0.4273640944830747,2018,2018-Canada Cup 2,Final 1
CHALIFOUX Louis David - CAN - Canada Cup 2 - 2018 - Final 1,CHALIFOUX Louis David - CAN,79.07,7,75.75183206106868,11.474050563694092,1.22756316620033,97.06341955146007,0.4273640944830747,2018,2018-Canada Cup 2,Final 1
KAPRONCZAI Julian - CAN - Canada Cup 2 - 2018 - Final 1,KAPRONCZAI Julian - CAN,78.81,8,74.6448854961832,11.728168568194613,1.2775135458684506,100.68084254989259,0.4273640944830747,2018,2018-Canada Cup 2,Final 1
MARTEL Devon - CAN - Canada Cup 2 - 2018 - Final 1,MARTEL Devon - CAN,78.38,9,73.21160305343511,12.15202290933482,1.3293904999222161,104.1976273839033,0.4273640944830747,2018,2018-Canada Cup 2,Final 1
FRECHETTE Christian - CAN - Canada Cup 2 - 2018 - Final 1,FRECHETTE Christian - CAN,77.57,10,70.71961832061069,13.218052333377587,1.3957227996072843,108.26621756553703,0.4273640944830747,2018,2018-Canada Cup 2,Final 1
GAUTHIER Julien - CAN - Canada Cup 2 - 2018 - Final 1,GAUTHIER Julien - CAN,77.06,11,67.62875968992249,14.336555488255623,1.4893626666564406,114.77028709254532,0.4273640944830747,2018,2018-Canada Cup 2,Final 1
CLOUTIER ASSELIN Felix - CAN - Canada Cup 2 - 2018 - Final 1,CLOUTIER ASSELIN Felix - CAN,76.84,12,62.854461538461535,16.622690750506735,1.5998493792932016,122.93242630488962,0.4273640944830747,2018,2018-Canada Cup 2,Final 1
BERTRAND Felix - CAN - Canada Cup 2 - 2018 - Final 1,BERTRAND Felix - CAN,76.08,13,62.163538461538465,16.428677968326674,1.6030514018990671,121.96015065648102,0.4273640944830747,2018,2018-Canada Cup 2,Final 1
GOODISON Samuel - CAN - Canada Cup 2 - 2018 - Final 1,GOODISON Samuel - CAN,75.45,14,57.873384615384616,18.230520248867794,1.6650199033995503,125.62575171149608,0.4273640944830747,2018,2018-Canada Cup 2,Final 1
VIEL Julien - CAN - Canada Cup 2 - 2018 - Final 1,VIEL Julien - CAN,75.04,15,52.95230769230769,21.11839306016883,1.7043920305023126,127.89757796889354,0.4273640944830747,2018,2018-Canada Cup 2,Final 1
NADON Benjamin - CAN - Canada Cup 2 - 2018 - Final 1,NADON Benjamin - CAN,73.52,16,50.24062015503877,21.60962446186536,1.71863991976825,126.35440690136174,0.4273640944830747,2018,2018-Canada Cup 2,Final 1
BEAULIEU Charles - CAN - Canada Cup 2 - 2018 - Final 1,BEAULIEU Charles - CAN,72.79,17,52.45734375,20.23550424394796,1.6850073498617495,122.65168499643676,0.4273640944830747,2018,2018-Canada Cup 2,Final 1
GILBERT Benoit - CAN - Canada Cup 2 - 2018 - Final 1,GILBERT Benoit - CAN,68.77,18,52.045625,19.629915934852473,1.6057770473493913,110.42928754621764,0.4273640944830747,2018,2018-Canada Cup 2,Final 1
IMBEAU Christophe - CAN - Canada Cup 2 - 2018 - Final 1,IMBEAU Christophe - CAN,64.51,19,51.883828125,20.57346140666925,1.4605940770378498,94.2229239097117,0.4273640944830747,2018,2018-Canada Cup 2,Final 1
DUFFY Eric - CAN - Canada Cup 2 - 2018 - Final 1,DUFFY Eric - CAN,63.41,20,51.77173228346456,20.770367637630866,1.4247458818521328,90.34313636824373,0.4273640944830747,2018,2018-Canada Cup 2,Final 1
MARTINEAU Nicolas - CAN - Canada Cup 2 - 2018 - Final 1,MARTINEAU Nicolas - CAN,57.99,21,52.418000000000006,19.88946426628933,1.220636285722645,70.78469820905619,0.4273640944830747,2018,2018-Canada Cup 2,Final 1
GOSSELIN Pier Alexandre - CAN - Canada Cup 2 - 2018 - Final 1,GOSSELIN Pier Alexandre - CAN,28.49,22,51.93488000000001,19.857762839393565,0.2377455484526716,6.773370675416613,0.4273640944830747,2018,2018-Canada Cup 2,Final 1
DESAUTELS Mats - CAN - Canada Cup 2 - 2018 - Final 1,DESAUTELS Mats - CAN,14.73,23,51.11264,19.728417681872006,0.06515774891205506,0.959773641474571,0.4273640944830747,2018,2018-Canada Cup 2,Final 1
THIVIERGE Charles  Olivier - CAN - Canada Cup 2 - 2018 - Qualification 1,THIVIERGE Charles  Olivier - CAN,14.150000000000002,24,50.42456,19.802879366556773,0.06698389076629309,0.9478220543430473,0.4273640944830747,2018,2018-Canada Cup 2,Qualification 1
GAGNON Thomas - CAN - Canada Cup 2 - 2018 - Qualification 1,GAGNON Thomas - CAN,13.079999999999995,25,49.43725806451612,20.367165992015337,0.07424645121120864,0.9711435818426086,0.4273640944830747,2018,2018-Canada Cup 2,Qualification 1
BOUCHER Frederic - CAN - Canada Cup 2 - 2018 - Qualification 1,BOUCHER Frederic - CAN,12.469999999999995,26,48.91056910569106,20.1615647097649,0.07069562924391179,0.8815744966715797,0.4273640944830747,2018,2018-Canada Cup 2,Qualification 1
NGUYEN Jason - CAN - Canada Cup 2 - 2018 - Qualification 1,NGUYEN Jason - CAN,11.889999999999995,27,48.4490243902439,20.479628482665966,0.07423844969745022,0.8826951669026828,0.4273640944830747,2018,2018-Canada Cup 2,Qualification 1
CHARRON Mattis - CAN - Canada Cup 2 - 2018 - Qualification 1,CHARRON Mattis - CAN,11.569999999999995,28,47.37040983606558,20.792770472700244,0.08511083010781013,0.9847323043473628,0.4273640944830747,2018,2018-Canada Cup 2,Qualification 1
MATTHEWS Aidan - CAN - Canada Cup 2 - 2018 - Qualification 1,MATTHEWS Aidan - CAN,10.859999999999996,29,46.36180327868852,21.07644439234464,0.09209852329367171,1.0001899629692745,0.4273640944830747,2018,2018-Canada Cup 2,Qualification 1
DROUIN Xavier - CAN - Canada Cup 2 - 2018 - Qualification 1,DROUIN Xavier - CAN,10.330000000000002,30,45.129508196721304,21.488399457231324,0.10534927861723742,1.0882580481160626,0.4273640944830747,2018,2018-Canada Cup 2,Qualification 1
JOHNSTON Parker - CAN - Canada Cup 3 - 2018 - Final 1,JOHNSTON Parker - CAN,77.82,1,87.31145038167939,2.9430884546880636,0.001259741466657339,0.09803308093527412,0.044379185482796984,2018,2018-Canada Cup 3,Final 1
KAPRONCZAI Julian - CAN - Canada Cup 3 - 2018 - Final 1,KAPRONCZAI Julian - CAN,76.68,2,85.42320610687023,2.977848823229363,0.0033238724567305074,0.2548745399820953,0.044379185482796984,2018,2018-Canada Cup 3,Final 1
KURODA Brayden - CAN - Canada Cup 3 - 2018 - Final 1,KURODA Brayden - CAN,75.49,3,84.0767175572519,3.2358946856177666,0.007964200389246976,0.6012174873842542,0.044379185482796984,2018,2018-Canada Cup 3,Final 1
PERSON Hayden - CAN - Canada Cup 3 - 2018 - Final 1,PERSON Hayden - CAN,75.27,4,82.89274809160304,3.469604120549786,0.028019873177318858,2.1090558540567903,0.044379185482796984,2018,2018-Canada Cup 3,Final 1
BELLUCCI Massimo - CAN - Canada Cup 3 - 2018 - Final 1,BELLUCCI Massimo - CAN,74.32,5,80.99320610687023,4.992386610832916,0.18132823992403124,13.476314791154001,0.044379185482796984,2018,2018-Canada Cup 3,Final 1
VIEL Julien - CAN - Canada Cup 3 - 2018 - Final 1,VIEL Julien - CAN,73.24,6,76.65404580152672,11.469265586651087,0.7659557403780207,56.098598425286234,0.044379185482796984,2018,2018-Canada Cup 3,Final 1
PHIPPS Koleton - CAN - Canada Cup 3 - 2018 - Final 1,PHIPPS Koleton - CAN,72.82,7,75.75183206106868,11.474050563694092,0.7983226654043396,58.133856494744,0.044379185482796984,2018,2018-Canada Cup 3,Final 1
MARTEL Devon - CAN - Canada Cup 3 - 2018 - Final 1,MARTEL Devon - CAN,71.9,8,74.6448854961832,11.728168568194613,0.8149522755130252,58.595068609386516,0.044379185482796984,2018,2018-Canada Cup 3,Final 1
DURHAM Joseph - CAN - Canada Cup 3 - 2018 - Final 1,DURHAM Joseph - CAN,71.64,9,73.21160305343511,12.15202290933482,0.8970977107334037,64.26807999694104,0.044379185482796984,2018,2018-Canada Cup 3,Final 1
DESAUTELS Mats - CAN - Canada Cup 3 - 2018 - Final 1,DESAUTELS Mats - CAN,71.39,10,70.71961832061069,13.218052333377587,1.0404490736018985,74.27765936443954,0.044379185482796984,2018,2018-Canada Cup 3,Final 1
CHALIFOUX Louis David - CAN - Canada Cup 3 - 2018 - Final 1,CHALIFOUX Louis David - CAN,71.36,11,67.62875968992249,14.336555488255623,1.2053372257534773,86.01286442976814,0.044379185482796984,2018,2018-Canada Cup 3,Final 1
CAMPEAU Nicolas - CAN - Canada Cup 3 - 2018 - Final 1,CAMPEAU Nicolas - CAN,68.41,12,62.854461538461535,16.622690750506735,1.2617820329120104,86.31850887151063,0.044379185482796984,2018,2018-Canada Cup 3,Final 1
CORDELL Sam - CAN - Canada Cup 3 - 2018 - Final 1,CORDELL Sam - CAN,68.35,13,62.163538461538465,16.428677968326674,1.29350293584871,88.41092566525933,0.044379185482796984,2018,2018-Canada Cup 3,Final 1
GAGNON Thomas - CAN - Canada Cup 3 - 2018 - Final 1,GAGNON Thomas - CAN,64.52,14,57.873384615384616,18.230520248867794,1.2845804720683414,82.88113205784938,0.044379185482796984,2018,2018-Canada Cup 3,Final 1
MILLER CLARKE Reece - CAN - Canada Cup 3 - 2018 - Final 1,MILLER CLARKE Reece - CAN,64.31,15,52.95230769230769,21.11839306016883,1.4092920777701572,90.6315735213988,0.044379185482796984,2018,2018-Canada Cup 3,Final 1
BERTRAND Felix - CAN - Canada Cup 3 - 2018 - Final 1,BERTRAND Felix - CAN,47.91,16,50.24062015503877,21.60962446186536,0.9141138665553844,43.795195346668464,0.044379185482796984,2018,2018-Canada Cup 3,Final 1
TANNER Marc - CAN - Canada Cup 3 - 2018 - Final 1,TANNER Marc - CAN,39.14,17,52.45734375,20.23550424394796,0.5104624955508446,19.979502075860054,0.044379185482796984,2018,2018-Canada Cup 3,Final 1
FRECHETTE Christian - CAN - Canada Cup 3 - 2018 - Final 1,FRECHETTE Christian - CAN,36.98,18,52.045625,19.629915934852473,0.44279445051254407,16.374538779953877,0.044379185482796984,2018,2018-Canada Cup 3,Final 1
PHILLIPS Ethan - CAN - Canada Cup 3 - 2018 - Qualification 2,PHILLIPS Ethan - CAN,36.26,19,51.883828125,20.57346140666925,0.44760338611223216,16.230098780429536,0.044379185482796984,2018,2018-Canada Cup 3,Qualification 2
MAGA Joshua - CAN - Canada Cup 3 - 2018 - Qualification 2,MAGA Joshua - CAN,33.83,20,51.77173228346456,20.770367637630866,0.38769013051549817,13.115557115339302,0.044379185482796984,2018,2018-Canada Cup 3,Qualification 2
GERLE Avery - CAN - Canada Cup 3 - 2018 - Qualification 2,GERLE Avery - CAN,33.08,21,52.418000000000006,19.88946426628933,0.33091447948696595,10.946650981428833,0.044379185482796984,2018,2018-Canada Cup 3,Qualification 2
DECORE Pierce - CAN - Canada Cup 3 - 2018 - Qualification 2,DECORE Pierce - CAN,31.83,22,51.93488000000001,19.857762839393565,0.31132563711527494,9.909495029379201,0.044379185482796984,2018,2018-Canada Cup 3,Qualification 2
BURNYEAT Thomas - CAN - Canada Cup 3 - 2018 - Qualification 2,BURNYEAT Thomas - CAN,31.32,23,51.11264,19.728417681872006,0.3157376876364948,9.888904376775017,0.044379185482796984,2018,2018-Canada Cup 3,Qualification 2
HENDERSON Alexander - CAN - Canada Cup 3 - 2018 - Qualification 2,HENDERSON Alexander - CAN,30.99,24,50.42456,19.802879366556773,0.3263951729472757,10.114986409636074,0.044379185482796984,2018,2018-Canada Cup 3,Qualification 2
DAWSON Quinn - CAN - Canada Cup 3 - 2018 - Qualification 2,DAWSON Quinn - CAN,30.3,25,49.43725806451612,20.367165992015337,0.3474160016337555,10.526704849502792,0.044379185482796984,2018,2018-Canada Cup 3,Qualification 2
HURRY Conner - CAN - Canada Cup 3 - 2018 - Qualification 2,HURRY Conner - CAN,30.26,26,48.91056910569106,20.1615647097649,0.35493696709532996,10.740392624304684,0.044379185482796984,2018,2018-Canada Cup 3,Qualification 2
VAN DONGEN Oscar - CAN - Canada Cup 3 - 2018 - Qualification 2,VAN DONGEN Oscar - CAN,29.77,27,48.4490243902439,20.479628482665966,0.3617275094133504,10.768627955235441,0.044379185482796984,2018,2018-Canada Cup 3,Qualification 2
BESSEL Ben - CAN - Canada Cup 3 - 2018 - Qualification 2,BESSEL Ben - CAN,24.15,28,47.37040983606558,20.792770472700244,0.2640995170794228,6.37800333746806,0.044379185482796984,2018,2018-Canada Cup 3,Qualification 2
NEISH Taye - CAN - Canada Cup 3 - 2018 - Qualification 2,NEISH Taye - CAN,22.9,29,46.36180327868852,21.07644439234464,0.26563261958775375,6.08298698855956,0.044379185482796984,2018,2018-Canada Cup 3,Qualification 2
PATTON Cole - CAN - Canada Cup 3 - 2018 - Qualification 2,PATTON Cole - CAN,22.01,30,45.129508196721304,21.488399457231324,0.2819690840797294,6.206139540594845,0.044379185482796984,2018,2018-Canada Cup 3,Qualification 2
PORTELLO Ryan - CAN - Canadian Selections 2 - 2018 - Qualification 2,PORTELLO Ryan - CAN,81.8,1,87.31145038167939,2.9430884546880636,0.06111317387845381,4.999057623257522,0.06961857929941224,2018,2018-Canadian Selections 2,Qualification 2
KELLY Brenden - CAN - Canadian Selections 2 - 2018 - Qualification 2,KELLY Brenden - CAN,80.1,2,85.42320610687023,2.977848823229363,0.07384037299089267,5.9146138765705025,0.06961857929941224,2018,2018-Canadian Selections 2,Qualification 2
MURATA Yutaro - JPN - Canadian Selections 2 - 2018 - Qualification 2,MURATA Yutaro - JPN,75.56,3,84.0767175572519,3.2358946856177666,0.008489600536741084,0.6414742165561563,0.06961857929941224,2018,2018-Canadian Selections 2,Qualification 2
ULSIFER Luke - CAN - Canadian Selections 2 - 2018 - Qualification 2,ULSIFER Luke - CAN,75.06,4,82.89274809160304,3.469604120549786,0.023974748622101437,1.799544631574934,0.06961857929941224,2018,2018-Canadian Selections 2,Qualification 2
VAILLANCOURT Elliot - CAN - Canadian Selections 2 - 2018 - Qualification 2,VAILLANCOURT Elliot - CAN,74.31,5,80.99320610687023,4.992386610832916,0.1806750004688722,13.425959284841893,0.06961857929941224,2018,2018-Canadian Selections 2,Qualification 2
KOYAMA Takashi - JPN - Canadian Selections 2 - 2018 - Qualification 2,KOYAMA Takashi - JPN,72.94,6,76.65404580152672,11.469265586651087,0.7460698101517949,54.41833195247192,0.06961857929941224,2018,2018-Canadian Selections 2,Qualification 2
PERSON Hayden - CAN - Canadian Selections 2 - 2018 - Qualification 2,PERSON Hayden - CAN,72.58,7,75.75183206106868,11.474050563694092,0.782213783837257,56.77307643090811,0.06961857929941224,2018,2018-Canadian Selections 2,Qualification 2
JOOSTEN Matt - CAN - Canadian Selections 2 - 2018 - Qualification 2,JOOSTEN Matt - CAN,70.71,8,74.6448854961832,11.728168568194613,0.7372424822661341,52.130415921038335,0.06961857929941224,2018,2018-Canadian Selections 2,Qualification 2
SUGIMOTO Kosuke - JPN - Canadian Selections 2 - 2018 - Qualification 2,SUGIMOTO Kosuke - JPN,70.5,9,73.21160305343511,12.15202290933482,0.823426505218696,58.051568617918065,0.06961857929941224,2018,2018-Canadian Selections 2,Qualification 2
LESSARD Olivier - CAN - Canadian Selections 2 - 2018 - Qualification 2,LESSARD Olivier - CAN,69.92,10,70.71961832061069,13.218052333377587,0.9517618652595335,66.54718961894659,0.06961857929941224,2018,2018-Canadian Selections 2,Qualification 2
BETY Marc Antoine - CAN - Canadian Selections 2 - 2018 - Qualification 2,BETY Marc Antoine - CAN,68.18,11,67.62875968992249,14.336555488255623,1.030671089987216,70.2711549153284,0.06961857929941224,2018,2018-Canadian Selections 2,Qualification 2
KURODA Brayden - CAN - Canadian Selections 2 - 2018 - Qualification 2,KURODA Brayden - CAN,67.42,12,62.854461538461535,16.622690750506735,1.2164202340445978,82.01105217928678,0.06961857929941224,2018,2018-Canadian Selections 2,Qualification 2
TANNER Daniel - CAN - Canadian Selections 2 - 2018 - Qualification 2,TANNER Daniel - CAN,67.2,13,62.163538461538465,16.428677968326674,1.2408256821113464,83.38348583788247,0.06961857929941224,2018,2018-Canadian Selections 2,Qualification 2
CORDELL Sam - CAN - Canadian Selections 2 - 2018 - Qualification 2,CORDELL Sam - CAN,66.98,14,57.873384615384616,18.230520248867794,1.3825909908968008,92.60594457026772,0.06961857929941224,2018,2018-Canadian Selections 2,Qualification 2
NISHIZAWA Taketo - JPN - Canadian Selections 2 - 2018 - Qualification 2,NISHIZAWA Taketo - JPN,66.79,15,52.95230769230769,21.11839306016883,1.4876890856172331,99.36275402837501,0.06961857929941224,2018,2018-Canadian Selections 2,Qualification 2
NADEAU Jean Christophe - CAN - Canadian Selections 2 - 2018 - Qualification 2,NADEAU Jean Christophe - CAN,66.54,16,50.24062015503877,21.60962446186536,1.5493097872148616,103.0910732412769,0.06961857929941224,2018,2018-Canadian Selections 2,Qualification 2
JOHNSTON Parker - CAN - Canadian Selections 2 - 2018 - Qualification 2,JOHNSTON Parker - CAN,65.79,17,52.45734375,20.23550424394796,1.490023590742877,98.02865203497389,0.06961857929941224,2018,2018-Canadian Selections 2,Qualification 2
TANNER Marc - CAN - Canadian Selections 2 - 2018 - Qualification 2,TANNER Marc - CAN,65.0,18,52.045625,19.629915934852473,1.490701398325848,96.89559089118012,0.06961857929941224,2018,2018-Canadian Selections 2,Qualification 2
IMBEAU Christophe - CAN - Canadian Selections 2 - 2018 - Qualification 2,IMBEAU Christophe - CAN,64.87,19,51.883828125,20.57346140666925,1.4720966899320562,95.49491227589249,0.06961857929941224,2018,2018-Canadian Selections 2,Qualification 2
HIRAYAMA Shota - JPN - Canadian Selections 2 - 2018 - Qualification 2,HIRAYAMA Shota - JPN,63.76,20,51.77173228346456,20.770367637630866,1.4361830093504986,91.5710286761878,0.06961857929941224,2018,2018-Canadian Selections 2,Qualification 2
KIMOTO Masahiro - JPN - Canadian Selections 2 - 2018 - Qualification 2,KIMOTO Masahiro - JPN,61.65,21,52.418000000000006,19.88946426628933,1.3574707105837542,83.68806930748845,0.06961857929941224,2018,2018-Canadian Selections 2,Qualification 2
PHILLIPS Ethan - CAN - Canadian Selections 2 - 2018 - Qualification 2,PHILLIPS Ethan - CAN,60.19,22,51.93488000000001,19.857762839393565,1.3223795980746094,79.59402800811074,0.06961857929941224,2018,2018-Canadian Selections 2,Qualification 2
THIBAULT Olivier - CAN - Canadian Selections 2 - 2018 - Qualification 2,THIBAULT Olivier - CAN,59.29,23,51.11264,19.728417681872006,1.3214894672869508,78.35111051544331,0.06961857929941224,2018,2018-Canadian Selections 2,Qualification 2
KOIWA Kai - JPN - Canadian Selections 2 - 2018 - Qualification 2,KOIWA Kai - JPN,59.08,24,50.42456,19.802879366556773,1.3379465767530179,79.0458837545683,0.06961857929941224,2018,2018-Canadian Selections 2,Qualification 2
GUY TESSIER Olivier - CAN - Canadian Selections 2 - 2018 - Qualification 2,GUY TESSIER Olivier - CAN,58.59,25,49.43725806451612,20.367165992015337,1.3468475742943107,78.91179937790366,0.06961857929941224,2018,2018-Canadian Selections 2,Qualification 2
MARTEL Devon - CAN - Canadian Selections 2 - 2018 - Qualification 2,MARTEL Devon - CAN,58.44,26,48.91056910569106,20.1615647097649,1.3635394789790878,79.6852471515379,0.06961857929941224,2018,2018-Canadian Selections 2,Qualification 2
PHIPPS Koleton - CAN - Canadian Selections 2 - 2018 - Qualification 2,PHIPPS Koleton - CAN,58.18,27,48.4490243902439,20.479628482665966,1.3653227264486352,79.43447622478159,0.06961857929941224,2018,2018-Canadian Selections 2,Qualification 2
FRECHETTE Christian - CAN - Canadian Selections 2 - 2018 - Qualification 2,FRECHETTE Christian - CAN,55.87,28,47.37040983606558,20.792770472700244,1.3172961089517672,73.59733360713523,0.06961857929941224,2018,2018-Canadian Selections 2,Qualification 2
PARSONS Jackson - CAN - Canadian Selections 2 - 2018 - Qualification 2,PARSONS Jackson - CAN,55.81,29,46.36180327868852,21.07644439234464,1.3460505184569693,75.12307943508345,0.06961857929941224,2018,2018-Canadian Selections 2,Qualification 2
GOSSELIN Pier Alexandre - CAN - Canadian Selections 2 - 2018 - Qualification 2,GOSSELIN Pier Alexandre - CAN,54.16,30,45.129508196721304,21.488399457231324,1.325696893775841,71.79974376689955,0.06961857929941224,2018,2018-Canadian Selections 2,Qualification 2
KINGSBURY Mikael - CAN - Canadian Championships - 2018 - Final 1,KINGSBURY Mikael - CAN,93.16,1,87.31145038167939,2.9430884546880636,1.9531014272716443,181.95092896462637,1.1656607663419571,2018,2018-Canadian Championships,Final 1
GAGNON Marc Antoine - CAN - Canadian Championships - 2018 - Final 1,GAGNON Marc Antoine - CAN,85.12,2,85.42320610687023,2.977848823229363,0.91889914003811,78.21669480004392,1.1656607663419571,2018,2018-Canadian Championships,Final 1
CHUNLAUD Kerrian - CAN - Canadian Championships - 2018 - Final 1,CHUNLAUD Kerrian - CAN,83.53,3,84.0767175572519,3.2358946856177666,0.865832773616446,72.32301158018173,1.1656607663419571,2018,2018-Canadian Championships,Final 1
KELLY Brenden - CAN - Canadian Championships - 2018 - Final 1,KELLY Brenden - CAN,82.9,4,82.89274809160304,3.469604120549786,1.0016676777327658,83.03825048404629,1.1656607663419571,2018,2018-Canadian Championships,Final 1
DUMAIS Laurent - CAN - Canadian Championships - 2018 - Final 1,DUMAIS Laurent - CAN,81.55,5,80.99320610687023,4.992386610832916,1.088802813050819,88.79186940429427,1.1656607663419571,2018,2018-Canadian Championships,Final 1
CLOUTIER Gabriel - CAN - Canadian Championships - 2018 - Final 1,CLOUTIER Gabriel - CAN,81.05,6,76.65404580152672,11.469265586651087,1.298488743641129,105.2425126721135,1.1656607663419571,2018,2018-Canadian Championships,Final 1
LEMIEUX Simon - CAN - Canadian Championships - 2018 - Final 1,LEMIEUX Simon - CAN,80.81,7,75.75183206106868,11.474050563694092,1.340667853359558,108.33936922998588,1.1656607663419571,2018,2018-Canadian Championships,Final 1
ULSIFER Luke - CAN - Canadian Championships - 2018 - Final 1,ULSIFER Luke - CAN,80.65,8,74.6448854961832,11.728168568194613,1.3913664269148187,112.21370233068014,1.1656607663419571,2018,2018-Canadian Championships,Final 1
DUFRESNE Gabriel - CAN - Canadian Championships - 2018 - Final 1,DUFRESNE Gabriel - CAN,79.21,9,73.21160305343511,12.15202290933482,1.37842050889553,109.18468850961492,1.1656607663419571,2018,2018-Canadian Championships,Final 1
NADEAU Jean Christophe - CAN - Canadian Championships - 2018 - Final 1,NADEAU Jean Christophe - CAN,77.98,10,70.71961832061069,13.218052333377587,1.4171851266802884,110.51209617852889,1.1656607663419571,2018,2018-Canadian Championships,Final 1
ANDISON Robbie - CAN - Canadian Championships - 2018 - Final 1,ANDISON Robbie - CAN,76.72,11,67.62875968992249,14.336555488255623,1.4740040314377256,113.08558929190231,1.1656607663419571,2018,2018-Canadian Championships,Final 1
TANNER Daniel - CAN - Canadian Championships - 2018 - Final 1,TANNER Daniel - CAN,74.8,12,62.854461538461535,16.622690750506735,1.527630119801132,114.26673296112466,1.1656607663419571,2018,2018-Canadian Championships,Final 1
LESSARD Olivier - CAN - Canadian Championships - 2018 - Final 1,LESSARD Olivier - CAN,58.18,13,62.163538461538465,16.428677968326674,0.8084123726491048,47.033431840724916,1.1656607663419571,2018,2018-Canadian Championships,Final 1
GUY TESSIER Olivier - CAN - Canadian Championships - 2018 - Final 1,GUY TESSIER Olivier - CAN,53.9,14,57.873384615384616,18.230520248867794,0.8274662429515726,44.60043049508976,1.1656607663419571,2018,2018-Canadian Championships,Final 1
THIBAULT Olivier - CAN - Canadian Championships - 2018 - Qualification 1,THIBAULT Olivier - CAN,50.43,15,52.95230769230769,21.11839306016883,0.9049295176826968,45.635595576738396,1.1656607663419571,2018,2018-Canadian Championships,Qualification 1
TANNER Marc - CAN - Canadian Championships - 2018 - Qualification 1,TANNER Marc - CAN,50.19000000000001,16,50.24062015503877,21.60962446186536,0.9981309715351645,50.09619346134992,1.1656607663419571,2018,2018-Canadian Championships,Qualification 1
RETZER Mathew - CZE - Canadian Championships - 2018 - Qualification 1,RETZER Mathew - CZE,49.96999999999999,17,52.45734375,20.23550424394796,0.9021706214426042,45.081465953486926,1.1656607663419571,2018,2018-Canadian Championships,Qualification 1
VIEL Julien - CAN - Canadian Championships - 2018 - Qualification 1,VIEL Julien - CAN,48.82,18,52.045625,19.629915934852473,0.8694777456533502,42.44790354279656,1.1656607663419571,2018,2018-Canadian Championships,Qualification 1
CORDELL Sam - CAN - Canadian Championships - 2018 - Qualification 1,CORDELL Sam - CAN,48.29,19,51.883828125,20.57346140666925,0.8613289492415411,41.59357495887402,1.1656607663419571,2018,2018-Canadian Championships,Qualification 1
GAUTHIER Julien - CAN - Canadian Championships - 2018 - Qualification 1,GAUTHIER Julien - CAN,47.46999999999999,20,51.77173228346456,20.770367637630866,0.8359246503152019,39.68134315046263,1.1656607663419571,2018,2018-Canadian Championships,Qualification 1
PERSON Hayden - CAN - Canadian Championships - 2018 - Qualification 1,PERSON Hayden - CAN,46.82999999999999,21,52.418000000000006,19.88946426628933,0.7787466284228877,36.468704609043826,1.1656607663419571,2018,2018-Canadian Championships,Qualification 1
FRECHETTE Christian - CAN - Canadian Championships - 2018 - Qualification 1,FRECHETTE Christian - CAN,46.74,22,51.93488000000001,19.857762839393565,0.7936263789262313,37.094096951012055,1.1656607663419571,2018,2018-Canadian Championships,Qualification 1
JOOSTEN Matt - CAN - Canadian Championships - 2018 - Qualification 1,JOOSTEN Matt - CAN,46.29,23,51.11264,19.728417681872006,0.8068812108715464,37.35053125124388,1.1656607663419571,2018,2018-Canadian Championships,Qualification 1
CAMPEAU Nicolas - CAN - Canadian Championships - 2018 - Qualification 1,CAMPEAU Nicolas - CAN,46.05,24,50.42456,19.802879366556773,0.8251662101693762,37.99890397829977,1.1656607663419571,2018,2018-Canadian Championships,Qualification 1
IMBEAU Christophe - CAN - Canadian Championships - 2018 - Qualification 1,IMBEAU Christophe - CAN,45.76,25,49.43725806451612,20.367165992015337,0.856722105949518,39.203603568249946,1.1656607663419571,2018,2018-Canadian Championships,Qualification 1
DURHAM Joseph - CAN - Canadian Championships - 2018 - Qualification 1,DURHAM Joseph - CAN,44.96999999999999,26,48.91056910569106,20.1615647097649,0.8450410153920683,38.001494462181306,1.1656607663419571,2018,2018-Canadian Championships,Qualification 1
BELLUCCI Massimo - CAN - Canadian Championships - 2018 - Qualification 1,BELLUCCI Massimo - CAN,44.56,27,48.4490243902439,20.479628482665966,0.8493896757445318,37.84880395117634,1.1656607663419571,2018,2018-Canadian Championships,Qualification 1
PHIPPS Koleton - CAN - Canadian Championships - 2018 - Qualification 1,PHIPPS Koleton - CAN,44.41,28,47.37040983606558,20.792770472700244,0.8867823215350248,39.38200289937045,1.1656607663419571,2018,2018-Canadian Championships,Qualification 1
MARTEL Devon - CAN - Canadian Championships - 2018 - Qualification 1,MARTEL Devon - CAN,43.91,29,46.36180327868852,21.07644439234464,0.9073917435833353,39.84357146074425,1.1656607663419571,2018,2018-Canadian Championships,Qualification 1
GAGNON Thomas - CAN - Canadian Championships - 2018 - Qualification 1,GAGNON Thomas - CAN,43.54,30,45.129508196721304,21.488399457231324,0.9410338383557035,40.972613322007334,1.1656607663419571,2018,2018-Canadian Championships,Qualification 1
CHALIFOUX Louis David - CAN - Canada Cup 1 - 2019 - Final 1,CHALIFOUX Louis David - CAN,81.05,1,87.31145038167939,2.9430884546880636,0.033377723897351705,2.7052645218803555,0.059451123400771876,2019,2019-Canada Cup 1,Final 1
THIVIERGE Charles  Olivier - CAN - Canada Cup 1 - 2019 - Final 1,THIVIERGE Charles  Olivier - CAN,76.08,2,85.42320610687023,2.977848823229363,0.0017035518150270597,0.1296062220872587,0.059451123400771876,2019,2019-Canada Cup 1,Final 1
CLOUTIER ASSELIN Felix - CAN - Canada Cup 1 - 2019 - Final 1,CLOUTIER ASSELIN Felix - CAN,75.83,3,84.0767175572519,3.2358946856177666,0.01081834574935513,0.8203551581735995,0.059451123400771876,2019,2019-Canada Cup 1,Final 1
CORDELL Sam - CAN - Canada Cup 1 - 2019 - Final 1,CORDELL Sam - CAN,75.13,4,82.89274809160304,3.469604120549786,0.02526292197156989,1.8980033277240458,0.059451123400771876,2019,2019-Canada Cup 1,Final 1
DESAUTELS Mats - CAN - Canada Cup 1 - 2019 - Final 1,DESAUTELS Mats - CAN,74.95,5,80.99320610687023,4.992386610832916,0.22609307357055564,16.945675864113145,0.059451123400771876,2019,2019-Canada Cup 1,Final 1
VIEL Julien - CAN - Canada Cup 1 - 2019 - Final 1,VIEL Julien - CAN,74.93,6,76.65404580152672,11.469265586651087,0.8805131314076367,65.97684893637422,0.059451123400771876,2019,2019-Canada Cup 1,Final 1
NADON Benjamin - CAN - Canada Cup 1 - 2019 - Final 1,NADON Benjamin - CAN,73.1,7,75.75183206106868,11.474050563694092,0.8172249974356408,59.73914731254534,0.059451123400771876,2019,2019-Canada Cup 1,Final 1
THIBAULT Olivier - CAN - Canada Cup 1 - 2019 - Final 1,THIBAULT Olivier - CAN,71.9,8,74.6448854961832,11.728168568194613,0.8149522755130252,58.595068609386516,0.059451123400771876,2019,2019-Canada Cup 1,Final 1
GAGNON Louis - CAN - Canada Cup 1 - 2019 - Final 1,GAGNON Louis - CAN,71.25,9,73.21160305343511,12.15202290933482,0.8717610915046395,62.112977769705566,0.059451123400771876,2019,2019-Canada Cup 1,Final 1
BEAULIEU Charles - CAN - Canada Cup 1 - 2019 - Final 1,BEAULIEU Charles - CAN,71.1,10,70.71961832061069,13.218052333377587,1.0229579045781838,72.73230701550887,0.059451123400771876,2019,2019-Canada Cup 1,Final 1
DAWSON Quinn - CAN - Canada Cup 1 - 2019 - Final 1,DAWSON Quinn - CAN,70.65,11,67.62875968992249,14.336555488255623,1.1669073691725107,82.44200563203789,0.059451123400771876,2019,2019-Canada Cup 1,Final 1
GOODISON Samuel - CAN - Canada Cup 1 - 2019 - Final 1,GOODISON Samuel - CAN,70.42,12,62.854461538461535,16.622690750506735,1.3509865867846573,95.13647544137557,0.059451123400771876,2019,2019-Canada Cup 1,Final 1
BELLUCCI Massimo - CAN - Canada Cup 1 - 2019 - Final 1,BELLUCCI Massimo - CAN,69.86,13,62.163538461538465,16.428677968326674,1.3605566490451781,95.04848750229614,0.059451123400771876,2019,2019-Canada Cup 1,Final 1
ROY Jeremie - CAN - Canada Cup 1 - 2019 - Final 1,ROY Jeremie - CAN,69.39,14,57.873384615384616,18.230520248867794,1.4724312592717563,102.17200508086717,0.059451123400771876,2019,2019-Canada Cup 1,Final 1
BOUCHARD Mathis - CAN - Canada Cup 1 - 2019 - Final 1,BOUCHARD Mathis - CAN,68.3,15,52.95230769230769,21.11839306016883,1.5326179853964796,104.67780840257956,0.059451123400771876,2019,2019-Canada Cup 1,Final 1
MYSKO Alex - CAN - Canada Cup 1 - 2019 - Final 1,MYSKO Alex - CAN,68.23,16,50.24062015503877,21.60962446186536,1.5948567068867638,108.8170731108839,0.059451123400771876,2019,2019-Canada Cup 1,Final 1
DROUIN Xavier - CAN - Canada Cup 1 - 2019 - Final 1,DROUIN Xavier - CAN,67.83,17,52.45734375,20.23550424394796,1.5525584978140445,105.31004290672664,0.059451123400771876,2019,2019-Canada Cup 1,Final 1
DUBUC Jeremy - CAN - Canada Cup 1 - 2019 - Final 1,DUBUC Jeremy - CAN,65.98,18,52.045625,19.629915934852473,1.5222053421862431,100.43510847744832,0.059451123400771876,2019,2019-Canada Cup 1,Final 1
VAN DER MERWE Dylan - CAN - Canada Cup 1 - 2019 - Final 1,VAN DER MERWE Dylan - CAN,35.01,19,51.883828125,20.57346140666925,0.41211664484166033,14.428203735906527,0.059451123400771876,2019,2019-Canada Cup 1,Final 1
FRECHETTE Christian - CAN - Canada Cup 1 - 2019 - Final 1,FRECHETTE Christian - CAN,30.01,20,51.77173228346456,20.770367637630866,0.29476313252431663,8.845841607054743,0.059451123400771876,2019,2019-Canada Cup 1,Final 1
TANNER Marc - CAN - Canada Cup 1 - 2019 - Qualification 2,TANNER Marc - CAN,29.73000000000001,21,52.418000000000006,19.88946426628933,0.25399294242003734,7.551210178147713,0.059451123400771876,2019,2019-Canada Cup 1,Qualification 2
DELISLE Simon - CAN - Canada Cup 1 - 2019 - Qualification 2,DELISLE Simon - CAN,29.320000000000004,22,51.93488000000001,19.857762839393565,0.2547685215410763,7.469813051584358,0.059451123400771876,2019,2019-Canada Cup 1,Qualification 2
MATTHEWS Aidan - CAN - Canada Cup 1 - 2019 - Qualification 2,MATTHEWS Aidan - CAN,27.66000000000001,23,51.11264,19.728417681872006,0.23452841237848832,6.48705588638899,0.059451123400771876,2019,2019-Canada Cup 1,Qualification 2
PARSONS Jackson - CAN - Canada Cup 1 - 2019 - Qualification 2,PARSONS Jackson - CAN,27.65,24,50.42456,19.802879366556773,0.25011790038887505,6.915759945752395,0.059451123400771876,2019,2019-Canada Cup 1,Qualification 2
DIONNE Justin - CAN - Canada Cup 1 - 2019 - Qualification 2,DIONNE Justin - CAN,27.31000000000001,25,49.43725806451612,20.367165992015337,0.27729405108789174,7.572900535210326,0.059451123400771876,2019,2019-Canada Cup 1,Qualification 2
CHARLAND Loic - CAN - Canada Cup 1 - 2019 - Qualification 2,CHARLAND Loic - CAN,27.280000000000005,26,48.91056910569106,20.1615647097649,0.2833332055450706,7.729329847269526,0.059451123400771876,2019,2019-Canada Cup 1,Qualification 2
DUBUC Joey - CAN - Canada Cup 1 - 2019 - Qualification 2,DUBUC Joey - CAN,25.95000000000001,27,48.4490243902439,20.479628482665966,0.27194035022765395,7.056852088407623,0.059451123400771876,2019,2019-Canada Cup 1,Qualification 2
THIVIERGE Frederic - CAN - Canada Cup 1 - 2019 - Qualification 2,THIVIERGE Frederic - CAN,25.44,28,47.37040983606558,20.792770472700244,0.2915565051055482,7.4171974898851465,0.059451123400771876,2019,2019-Canada Cup 1,Qualification 2
ROBERGE Felix - CAN - Canada Cup 1 - 2019 - Qualification 2,ROBERGE Felix - CAN,25.20000000000001,29,46.36180327868852,21.07644439234464,0.3153545302235218,7.946934161632752,0.059451123400771876,2019,2019-Canada Cup 1,Qualification 2
GREANYA Aiden - CAN - Canada Cup 1 - 2019 - Qualification 2,GREANYA Aiden - CAN,25.06000000000001,30,45.129508196721304,21.488399457231324,0.3503196621823974,8.779010734290882,0.059451123400771876,2019,2019-Canada Cup 1,Qualification 2
TANNER Daniel - CAN - Canadian Selections 1 - 2019 - Final 1,TANNER Daniel - CAN,78.14,1,87.31145038167939,2.9430884546880636,0.001831561551621509,0.14311821964370472,0.03599690994629408,2019,2019-Canadian Selections 1,Final 1
VAILLANCOURT Elliot - CAN - Canadian Selections 1 - 2019 - Final 1,VAILLANCOURT Elliot - CAN,77.37,2,85.42320610687023,2.977848823229363,0.006843396633157153,0.529473597507369,0.03599690994629408,2019,2019-Canadian Selections 1,Final 1
BERTRAND Felix - CAN - Canadian Selections 1 - 2019 - Final 1,BERTRAND Felix - CAN,75.74,3,84.0767175572519,3.2358946856177666,0.009985663317790565,0.7563141396894574,0.03599690994629408,2019,2019-Canadian Selections 1,Final 1
KOBER Jordan - CAN - Canadian Selections 1 - 2019 - Final 1,KOBER Jordan - CAN,74.89,4,82.89274809160304,3.469604120549786,0.02108100205258719,1.5787562437182547,0.03599690994629408,2019,2019-Canadian Selections 1,Final 1
PHIPPS Koleton - CAN - Canadian Selections 1 - 2019 - Final 1,PHIPPS Koleton - CAN,73.63,5,80.99320610687023,4.992386610832916,0.14024292617631395,10.326086654361996,0.03599690994629408,2019,2019-Canadian Selections 1,Final 1
DAWSON Quinn - CAN - Canadian Selections 1 - 2019 - Final 1,DAWSON Quinn - CAN,72.14,6,76.65404580152672,11.469265586651087,0.6938929360323989,50.05743640537725,0.03599690994629408,2019,2019-Canadian Selections 1,Final 1
VIEL Julien - CAN - Canadian Selections 1 - 2019 - Final 1,VIEL Julien - CAN,71.74,7,75.75183206106868,11.474050563694092,0.7266059426028457,52.12671032232815,0.03599690994629408,2019,2019-Canadian Selections 1,Final 1
BELLUCCI Massimo - CAN - Canadian Selections 1 - 2019 - Final 1,BELLUCCI Massimo - CAN,69.35,8,74.6448854961832,11.728168568194613,0.6516527325265281,45.192117000714724,0.03599690994629408,2019,2019-Canadian Selections 1,Final 1
CORDELL Sam - CAN - Canadian Selections 1 - 2019 - Final 1,CORDELL Sam - CAN,68.96,9,73.21160305343511,12.15202290933482,0.726437818837561,50.0951519870382,0.03599690994629408,2019,2019-Canadian Selections 1,Final 1
DESAUTELS Mats - CAN - Canadian Selections 1 - 2019 - Final 1,DESAUTELS Mats - CAN,68.58,10,70.71961832061069,13.218052333377587,0.8714075015367311,59.76112645538902,0.03599690994629408,2019,2019-Canadian Selections 1,Final 1
THIVIERGE Charles Olivier - CAN - Canadian Selections 1 - 2019 - Final 1,THIVIERGE Charles Olivier - CAN,66.69,11,67.62875968992249,14.336555488255623,0.9477917167453983,63.20822958975061,0.03599690994629408,2019,2019-Canadian Selections 1,Final 1
KURODA Brayden - CAN - Canadian Selections 1 - 2019 - Final 1,KURODA Brayden - CAN,66.58,12,62.854461538461535,16.622690750506735,1.1773389253150097,78.38722564747334,0.03599690994629408,2019,2019-Canadian Selections 1,Final 1
THIBAULT Olivier - CAN - Canadian Selections 1 - 2019 - Final 1,THIBAULT Olivier - CAN,66.1,13,62.163538461538465,16.428677968326674,1.1893667280964937,78.61714072717822,0.03599690994629408,2019,2019-Canadian Selections 1,Final 1
RETZER Mathew - CZE - Canadian Selections 1 - 2019 - Final 1,RETZER Mathew - CZE,64.85,14,57.873384615384616,18.230520248867794,1.2980494585636544,84.17850738785297,0.03599690994629408,2019,2019-Canadian Selections 1,Final 1
NISHIZAWA Taketo - JPN - Canadian Selections 1 - 2019 - Final 1,NISHIZAWA Taketo - JPN,64.25,15,52.95230769230769,21.11839306016883,1.4073289253695767,90.4208834549953,0.03599690994629408,2019,2019-Canadian Selections 1,Final 1
GAUTHIER Julien - CAN - Canadian Selections 1 - 2019 - Final 1,GAUTHIER Julien - CAN,62.16,16,50.24062015503877,21.60962446186536,1.4187620560633931,88.19024940490051,0.03599690994629408,2019,2019-Canadian Selections 1,Final 1
SHIMAKAWA Takuya - JPN - Canadian Selections 1 - 2019 - Final 1,SHIMAKAWA Takuya - JPN,61.17,17,52.45734375,20.23550424394796,1.3332137370280497,81.5526842940058,0.03599690994629408,2019,2019-Canadian Selections 1,Final 1
TAKAGISHI Gaku - JPN - Canadian Selections 1 - 2019 - Final 1,TAKAGISHI Gaku - JPN,55.44,18,52.045625,19.629915934852473,1.137284485424771,63.051051871949305,0.03599690994629408,2019,2019-Canadian Selections 1,Final 1
CHALIFOUX Louis David - CAN - Canadian Selections 1 - 2019 - Final 1,CHALIFOUX Louis David - CAN,40.12,19,51.883828125,20.57346140666925,0.5674600167062712,22.7664958702556,0.03599690994629408,2019,2019-Canadian Selections 1,Final 1
TANNER Marc - CAN - Canadian Selections 1 - 2019 - Final 1,TANNER Marc - CAN,28.07,20,51.77173228346456,20.770367637630866,0.25381497411541565,7.1245863234197175,0.03599690994629408,2019,2019-Canadian Selections 1,Final 1
RICE Lewis - CAN - Canadian Selections 1 - 2019 - Qualification 2,RICE Lewis - CAN,26.96,21,52.418000000000006,19.88946426628933,0.2005542294615582,5.40694202628361,0.03599690994629408,2019,2019-Canadian Selections 1,Qualification 2
PARSONS Jackson - CAN - Canadian Selections 1 - 2019 - Qualification 2,PARSONS Jackson - CAN,25.11,22,51.93488000000001,19.857762839393565,0.17674314769344024,4.438020438582284,0.03599690994629408,2019,2019-Canadian Selections 1,Qualification 2
TAKAKU Keisuke - JPN - Canadian Selections 1 - 2019 - Qualification 2,TAKAKU Keisuke - JPN,24.77,23,51.11264,19.728417681872006,0.1817900546725688,4.50293965423953,0.03599690994629408,2019,2019-Canadian Selections 1,Qualification 2
PHILLIPS Ethan - CAN - Canadian Selections 1 - 2019 - Qualification 2,PHILLIPS Ethan - CAN,18.44,24,50.42456,19.802879366556773,0.10627887796914139,1.9597825097509673,0.03599690994629408,2019,2019-Canadian Selections 1,Qualification 2
MAGA Joshua - CAN - Canadian Selections 1 - 2019 - Qualification 2,MAGA Joshua - CAN,15.29,25,49.43725806451612,20.367165992015337,0.09362392072605173,1.431509747901331,0.03599690994629408,2019,2019-Canadian Selections 1,Qualification 2
NADEAU Jean Christophe - CAN - Canadian Selections 1 - 2019 - Qualification 2,NADEAU Jean Christophe - CAN,-0.6300000000000026,26,48.91056910569106,20.1615647097649,0.014003297682750987,-0.008822077540133158,0.03599690994629408,2019,2019-Canadian Selections 1,Qualification 2
BESSEL Ben - CAN - Canadian Selections 1 - 2019 - Qualification 2,BESSEL Ben - CAN,-4.66,27,48.4490243902439,20.479628482665966,0.009507055698971631,-0.044302879557207804,0.03599690994629408,2019,2019-Canadian Selections 1,Qualification 2
VAN DER MERWE Dylan - CAN - Canadian Selections 1 - 2019 - Qualification 2,VAN DER MERWE Dylan - CAN,-10.340000000000002,28,47.37040983606558,20.792770472700244,0.005511628478105906,-0.056990238463615076,0.03599690994629408,2019,2019-Canadian Selections 1,Qualification 2
HONORE Pierre Henri - CAN - Canadian Selections 1 - 2019 - Qualification 2,HONORE Pierre Henri - CAN,-13.29,29,46.36180327868852,21.07644439234464,0.004651028910042268,-0.06181217421446174,0.03599690994629408,2019,2019-Canadian Selections 1,Qualification 2
PARADIS Louis - CAN - Canada Cup 2 - 2019 - Final 1,PARADIS Louis - CAN,72.83,1,87.31145038167939,2.9430884546880636,8.632585205682893e-07,6.28711180529885e-05,0.0023534476149708926,2019,2019-Canada Cup 2,Final 1
VAN DER MERWE Dylan - CAN - Canada Cup 2 - 2019 - Final 1,VAN DER MERWE Dylan - CAN,71.13,2,85.42320610687023,2.977848823229363,1.5879025439712002e-06,0.00011294750795267146,0.0023534476149708926,2019,2019-Canada Cup 2,Final 1
GOODISON Samuel - CAN - Canada Cup 2 - 2019 - Final 1,GOODISON Samuel - CAN,68.91,3,84.0767175572519,3.2358946856177666,2.7720584064495697e-06,0.00019102254478843984,0.0023534476149708926,2019,2019-Canada Cup 2,Final 1
MAGA Joshua - CAN - Canada Cup 2 - 2019 - Final 1,MAGA Joshua - CAN,68.69,4,82.89274809160304,3.469604120549786,4.249504370050995e-05,0.0029189845517880284,0.0023534476149708926,2019,2019-Canada Cup 2,Final 1
THIVIERGE Charles  Olivier - CAN - Canada Cup 2 - 2019 - Final 1,THIVIERGE Charles  Olivier - CAN,68.41,5,80.99320610687023,4.992386610832916,0.011719519811682965,0.8017323503172316,0.0023534476149708926,2019,2019-Canada Cup 2,Final 1
GAGNON Thomas - CAN - Canada Cup 2 - 2019 - Final 1,GAGNON Thomas - CAN,66.45,6,76.65404580152672,11.469265586651087,0.37363447696989405,24.82801099464946,0.0023534476149708926,2019,2019-Canada Cup 2,Final 1
GAGNON Louis - CAN - Canada Cup 2 - 2019 - Final 1,GAGNON Louis - CAN,65.45,7,75.75183206106868,11.474050563694092,0.3692722268484463,24.16886724723081,0.0023534476149708926,2019,2019-Canada Cup 2,Final 1
GAUTHIER Julien - CAN - Canada Cup 2 - 2019 - Final 1,GAUTHIER Julien - CAN,61.86,8,74.6448854961832,11.728168568194613,0.2756687605684712,17.05286952876563,0.0023534476149708926,2019,2019-Canada Cup 2,Final 1
KANG Phillip - CAN - Canada Cup 2 - 2019 - Final 1,KANG Phillip - CAN,61.61,9,73.21160305343511,12.15202290933482,0.33972664997540103,20.93055890498446,0.0023534476149708926,2019,2019-Canada Cup 2,Final 1
RICE Lewis - CAN - Canada Cup 2 - 2019 - Final 1,RICE Lewis - CAN,61.41,10,70.71961832061069,13.218052333377587,0.48123918042413705,29.552898069846254,0.0023534476149708926,2019,2019-Canada Cup 2,Final 1
PARSONS Jackson - CAN - Canada Cup 2 - 2019 - Final 1,PARSONS Jackson - CAN,59.15,11,67.62875968992249,14.336555488255623,0.5542467972579457,32.783698057807484,0.0023534476149708926,2019,2019-Canada Cup 2,Final 1
BOBYN George - CAN - Canada Cup 2 - 2019 - Final 1,BOBYN George - CAN,58.25,12,62.854461538461535,16.622690750506735,0.7817812055152451,45.538755221263024,0.0023534476149708926,2019,2019-Canada Cup 2,Final 1
TANNER Marc - CAN - Canada Cup 2 - 2019 - Final 1,TANNER Marc - CAN,57.77,13,62.163538461538465,16.428677968326674,0.7891373017423313,45.588461921654485,0.0023534476149708926,2019,2019-Canada Cup 2,Final 1
UKRAINETZ Josh - CAN - Canada Cup 2 - 2019 - Final 1,UKRAINETZ Josh - CAN,52.6,14,57.873384615384616,18.230520248867794,0.7723813987324506,40.627261573326905,0.0023534476149708926,2019,2019-Canada Cup 2,Final 1
CAREY Cole - CAN - Canada Cup 2 - 2019 - Final 1,CAREY Cole - CAN,51.77,15,52.95230769230769,21.11839306016883,0.9553539657858612,49.45867480873404,0.0023534476149708926,2019,2019-Canada Cup 2,Final 1
LEE Xander - CAN - Canada Cup 2 - 2019 - Final 1,LEE Xander - CAN,42.74,16,50.24062015503877,21.60962446186536,0.7285189918651412,31.13690171231614,0.0023534476149708926,2019,2019-Canada Cup 2,Final 1
BURNYEAT Brian - CAN - Canada Cup 2 - 2019 - Qualification 2,BURNYEAT Brian - CAN,40.82000000000001,17,52.45734375,20.23550424394796,0.5652268341877769,23.072559371545054,0.0023534476149708926,2019,2019-Canada Cup 2,Qualification 2
WALKLEY Trent - CAN - Canada Cup 2 - 2019 - Qualification 2,WALKLEY Trent - CAN,39.59,18,52.045625,19.629915934852473,0.5257398323790888,20.814039963888128,0.0023534476149708926,2019,2019-Canada Cup 2,Qualification 2
LEBLANC Gage - CAN - Canada Cup 2 - 2019 - Qualification 2,LEBLANC Gage - CAN,38.61,19,51.883828125,20.57346140666925,0.5188029143220048,20.030980521972605,0.0023534476149708926,2019,2019-Canada Cup 2,Qualification 2
CHRISTIAN Tyler - CAN - Canada Cup 2 - 2019 - Qualification 2,CHRISTIAN Tyler - CAN,38.23,20,51.77173228346456,20.770367637630866,0.5144181746773084,19.6662068179135,0.0023534476149708926,2019,2019-Canada Cup 2,Qualification 2
SADLER Jack - CAN - Canada Cup 2 - 2019 - Qualification 2,SADLER Jack - CAN,36.33000000000001,21,52.418000000000006,19.88946426628933,0.4185896651921275,15.207362536429997,0.0023534476149708926,2019,2019-Canada Cup 2,Qualification 2
LATREILLE Kolten - CAN - Canada Cup 2 - 2019 - Qualification 2,LATREILLE Kolten - CAN,23.67000000000001,22,51.93488000000001,19.857762839393565,0.1546298566456867,3.6600887068034056,0.0023534476149708926,2019,2019-Canada Cup 2,Qualification 2
STRYDHORST Zachery - CAN - Canada Cup 2 - 2019 - Qualification 2,STRYDHORST Zachery - CAN,22.65000000000001,23,51.11264,19.728417681872006,0.14909854523116048,3.3770820494857863,0.0023534476149708926,2019,2019-Canada Cup 2,Qualification 2
BRAUCHT Ethan - CAN - Canada Cup 2 - 2019 - Qualification 2,BRAUCHT Ethan - CAN,19.640000000000008,24,50.42456,19.802879366556773,0.12005335340874244,2.3578478609477025,0.0023534476149708926,2019,2019-Canada Cup 2,Qualification 2
THUNDER Jericho - CAN - Canada Cup 2 - 2019 - Qualification 2,THUNDER Jericho - CAN,18.630000000000006,25,49.43725806451612,20.367165992015337,0.13038275694499488,2.4290307618852554,0.0023534476149708926,2019,2019-Canada Cup 2,Qualification 2
GARDINER Reno - CAN - Canada Cup 2 - 2019 - Qualification 2,GARDINER Reno - CAN,17.620000000000005,26,48.91056910569106,20.1615647097649,0.12066435181328206,2.1261058789500304,0.0023534476149708926,2019,2019-Canada Cup 2,Qualification 2
DUPRAY Adam - CAN - Canada Cup 2 - 2019 - Qualification 1,DUPRAY Adam - CAN,36.85,27,48.4490243902439,20.479628482665966,0.5711430404929982,21.046621042166986,0.0023534476149708926,2019,2019-Canada Cup 2,Qualification 1
PARSONS Nathan - CAN - Canada Cup 2 - 2019 - Qualification 1,PARSONS Nathan - CAN,33.17,28,47.37040983606558,20.792770472700244,0.4946388254437084,16.407169839967807,0.0023534476149708926,2019,2019-Canada Cup 2,Qualification 1
MASON Shawn - CAN - Canada Cup 2 - 2019 - Qualification 1,MASON Shawn - CAN,31.47,29,46.36180327868852,21.07644439234464,0.47983904760613305,15.100534828165006,0.0023534476149708926,2019,2019-Canada Cup 2,Qualification 1
PERNISIE Wylie - CAN - Canada Cup 2 - 2019 - Qualification 1,PERNISIE Wylie - CAN,29.87,30,45.129508196721304,21.488399457231324,0.4776249355565094,14.266656825072937,0.0023534476149708926,2019,2019-Canada Cup 2,Qualification 1
